{
  "images" : [
    {
      "idiom" : "universal",
      "filename" : "Passenger-100.png",
      "scale" : "1x"
    },
    {
      "idiom" : "universal",
      "filename" : "Passenger-101.png",
      "scale" : "2x"
    },
    {
      "idiom" : "universal",
      "filename" : "Passenger-102.png",
      "scale" : "3x"
    },
    {
      "idiom" : "universal",
      "filename" : "Passenger-103.png",
      "unassigned" : true,
      "scale" : "1x"
    }
  ],
  "info" : {
    "version" : 1,
    "author" : "xcode"
  }
}