{
  "images" : [
    {
      "idiom" : "universal",
      "filename" : "Artboard 1.png",
      "scale" : "1x"
    },
    {
      "idiom" : "universal",
      "filename" : "Artboard 1@2x.png",
      "scale" : "2x"
    },
    {
      "idiom" : "universal",
      "filename" : "Artboard 1@3x.png",
      "scale" : "3x"
    },
    {
      "idiom" : "universal",
      "filename" : "Artboard 1@1.5x.png",
      "unassigned" : true,
      "scale" : "1x"
    }
  ],
  "info" : {
    "version" : 1,
    "author" : "xcode"
  }
}